{
	"format_version": "1.8.0",
	"animations": {
		"idle_double": {
			"loop": true,
			"animation_length": 1.5,
			"bones": {
				"right_arm": {
					"rotation": {
						"0.0": [-40.73074, -13.35981, -15.02126],
						"0.75": [-43.23074, -13.35981, -15.02126],
						"1.5": [-40.73074, -13.35981, -15.02126]
					},
					"position": [0, 1, 1]
				},
				"left_arm": {
					"rotation": {
						"0.0": [-31.88034, -6.6782, -10.59061],
						"0.75": [-36.88034, -6.6782, -10.59061],
						"1.5": [-31.88034, -6.6782, -10.59061]
					},
					"position": [-0.5, -0.5, -0.25]
				},
				"rightItem": {
					"rotation": [5, 0, -57.5]
				}
			}
		},
		"aim_double": {
			"loop": true,
			"animation_length": 1.5,
			"bones": {
				"torso": {
					"rotation": [0, 32.5, 0]
				},
				"head": {
					"rotation": [0, 5, -5],
					"position": {
						"0.0": [0, 0.19, 1],
						"0.5": [0, 0, 1],
						"1.25": [0, 0.25, 1],
						"1.5": [0, 0.19, 1]
					}
				},
				"right_arm": {
					"rotation": [-90, 0, 0],
					"position": {
						"0.0": [1, 0, 4],
						"0.75": [1, 0.25, 4],
						"1.5": [1, 0, 4]
					}
				},
				"left_arm": {
					"rotation": [-82.2492, 49.74086, 5.92994],
					"position": {
						"0.0": [-1, 0.06, -2],
						"0.25": [-1, 0, -2],
						"1.0": [-1, 0.25, -2],
						"1.5": [-1, 0.06, -2]
					}
				},
				"right_leg": {
					"rotation": [12.5, 0, 0],
					"position": [0, 0, 0.75]
				},
				"left_leg": {
					"rotation": [-5, 0, 0],
					"position": [0, 0, -0.75]
				}
			}
		},
		"fire_double": {
			"loop": true,
			"animation_length": 0.5417,
			"bones": {
				"torso": {
					"rotation": {
						"0.0": [0, 32.5, 0],
						"0.2083": [-11.86066, 39.9946, -5.26995],
						"0.5": [0, 32.5, 0]
					},
					"position": {
						"0.0": [0, 0, 0],
						"0.2083": [0, 0, 2],
						"0.5": [0, 0, 0]
					}
				},
				"head": {
					"rotation": {
						"0.0417": [0, 5, -5],
						"0.25": [-10.23961, 1.17783, -7.49605],
						"0.5417": [0, 5, -5]
					},
					"position": {
						"0.0": [0, 0, 0.5],
						"0.2083": [0, 0, 1.5],
						"0.5": [0, 0, 0.5]
					}
				},
				"right_arm": {
					"rotation": {
						"0.0": [-90, 0, 0],
						"0.125": [-95.65675, 1.68925, -4.56369],
						"0.5": [-90, 0, 0]
					},
					"position": {
						"0.0": [1, 0, 4],
						"0.125": [1, 0, 6],
						"0.5": [1, 0, 4]
					}
				},
				"left_arm": {
					"rotation": {
						"0.0": [-82.2492, 49.74086, 5.92994],
						"0.125": [-96.08717, 59.69708, 4.29716],
						"0.5": [-82.2492, 49.74086, 5.92994]
					},
					"position": {
						"0.0": [-1, 0, -2],
						"0.125": [-1, 0, 0],
						"0.5": [-1, 0, -2]
					}
				},
				"right_leg": {
					"rotation": {
						"0.0": [12.5, 0, 0],
						"0.2083": [15, 0, 0],
						"0.5": [12.5, 0, 0]
					},
					"position": [0, 0, 0.75]
				},
				"left_leg": {
					"rotation": {
						"0.0": [-5, 0, 0],
						"0.2083": [-10, 0, 0],
						"0.4583": [-5, 0, 0]
					},
					"position": {
						"0.0": [0, 0, -0.75],
						"0.2083": [0, 0, 0],
						"0.4583": [0, 0, -0.75]
					}
				},
				"rightItem": {
					"rotation": {
						"0.0417": [0, 0, 0],
						"0.25": [-4.99815, 0.04635, -0.12983],
						"0.5417": [0, 0, 0]
					}
				}
			}
		},
		"laser_cast": {
			"animation_length": 0.125,
			"bones": {
				"body": {
					"position": {
						"0.0": [0, 0, -1],
						"0.125": [0, 0, 0]
					}
				},
				"torso": {
					"rotation": {
						"0.0": [2.55044, -9.94999, -0.5447],
						"0.125": [1.51398, -1.48265, -0.28717]
					}
				},
				"right_arm": {
					"rotation": {
						"0.0": [-69.67336, -16.00127, 7.44409],
						"0.125": [-57.5, 0, 0]
					}
				},
				"rightItem": {
					"rotation": {
						"0.0": [-60, 0, 0],
						"0.125": [-35, 0, 0]
					},
					"position": {
						"0.0": [0, -1, 1],
						"0.125": [0, -1, 1]
					}
				}
			}
		}
	}
}